CPU,1,0
CPU,3,0
CPU,5,0
CPU,7,0.01665
CPU,9,0
CPU,11,0
CPU,13,0.016675
CPU,15,0
CPU,17,0
CPU,19,0.01665
CPU,21,0
CPU,23,0
CPU,25,0
CPU,27,0
CPU,29,0
CPU,31,0
CPU,33,0
CPU,35,0
CPU,37,0
CPU,39,0
IO,10,6.13335
IO,0,6.16665
IO,12,6.16667
IO,2,6.18332
IO,14,6.16667
IO,16,6.18332
IO,4,6.21665
IO,6,6.23332
IO,18,6.18332
IO,20,6.18335
IO,8,6.21668
IO,22,6.2
IO,24,6.2
IO,26,6.2
IO,28,6.18335
IO,30,6.18332
IO,32,6.18332
IO,34,6.16665
IO,36,6.16665
IO,38,6.15
