CPU,1,0
CPU,3,0
CPU,5,0
CPU,7,0
CPU,9,0
CPU,11,0
CPU,13,0
CPU,15,0
CPU,17,0
CPU,19,0
CPU,21,0.016675
CPU,23,0
CPU,25,0
CPU,27,0
CPU,29,0
CPU,31,0
CPU,33,0
CPU,35,0
CPU,37,0
CPU,39,0
IO,2,6.33333
IO,4,6.35
IO,6,6.4
IO,8,6.41667
IO,0,6.43332
IO,10,6.43332
IO,12,6.45
IO,14,6.48332
IO,16,6.48335
IO,18,6.5
IO,20,6.5
IO,22,6.5
IO,24,6.5
IO,26,6.48332
IO,28,6.48332
IO,30,6.48332
IO,32,6.48332
IO,34,6.46668
IO,36,6.46668
IO,38,6.46668
