CPU,1,0
CPU,3,0
CPU,5,0
CPU,7,0
CPU,9,0
CPU,11,0.01665
CPU,13,0
CPU,15,0
CPU,17,0
CPU,19,0
IO,0,3.23332
IO,2,3.25
IO,4,3.25
IO,6,3.26665
IO,8,3.26665
IO,10,3.26665
IO,12,3.26668
IO,14,3.25
IO,16,3.25
IO,18,3.23332
