CPU,1,0
CPU,3,0
CPU,5,0
CPU,7,0
CPU,9,0
CPU,11,0
CPU,13,0
CPU,15,0
CPU,17,0
CPU,19,0
IO,0,3.1
IO,2,3.11667
IO,4,3.13335
IO,6,3.11667
IO,8,3.13333
IO,10,3.13333
IO,12,3.13333
IO,14,3.13333
IO,16,3.13333
IO,18,3.11667
